url,license
https://raw.githubusercontent.com/tldr-pages/tldr/main/pages/common/cargo-locate-project.md,MIT
https://raw.githubusercontent.com/tldr-pages/tldr/main/pages/common/brew-update.md,MIT
https://raw.githubusercontent.com/tldr-pages/tldr/main/pages/common/avo.md,MIT
https://raw.githubusercontent.com/tldr-pages/tldr/main/pages/common/az-storage-blob.md,MIT
https://raw.githubusercontent.com/tldr-pages/tldr/main/pages/common/cargo-clippy.md,MIT
https://raw.githubusercontent.com/tldr-pages/tldr/main/pages/common/badblocks.md,MIT
https://raw.githubusercontent.com/tldr-pages/tldr/main/pages/common/brew-list.md,MIT
https://raw.githubusercontent.com/tldr-pages/tldr/main/pages/common/cal.md,MIT
"https://raw.githubusercontent.com/tldr-pages/tldr/main/pages/common/,.md",MIT
https://raw.githubusercontent.com/tldr-pages/tldr/main/pages/common/autojump.md,MIT
https://raw.githubusercontent.com/tldr-pages/tldr/main/pages/common/aireplay-ng.md,MIT
https://raw.githubusercontent.com/tldr-pages/tldr/main/pages/common/bundletool.md,MIT
https://raw.githubusercontent.com/tldr-pages/tldr/main/pages/common/cargo-report.md,MIT
https://raw.githubusercontent.com/tldr-pages/tldr/main/pages/android/pm.md,MIT
https://raw.githubusercontent.com/tldr-pages/tldr/main/pages/common/adb-pair.md,MIT
https://raw.githubusercontent.com/tldr-pages/tldr/main/pages/common/cargo-uninstall.md,MIT
https://raw.githubusercontent.com/tldr-pages/tldr/main/pages/common/calibre-server.md,MIT
https://raw.githubusercontent.com/tldr-pages/tldr/main/pages/common/binwalk.md,MIT
https://raw.githubusercontent.com/tldr-pages/tldr/main/pages/common/aws-lambda.md,MIT
https://raw.githubusercontent.com/tldr-pages/tldr/main/pages/common/2to3.md,MIT
https://raw.githubusercontent.com/tldr-pages/tldr/main/pages/android/pkg.md,MIT
https://raw.githubusercontent.com/tldr-pages/tldr/main/pages/common/argos-translate.md,MIT
https://raw.githubusercontent.com/tldr-pages/tldr/main/pages/common/$.md,MIT
https://raw.githubusercontent.com/tldr-pages/tldr/main/pages/common/adguardhome.md,MIT
https://raw.githubusercontent.com/tldr-pages/tldr/main/pages/common/arch.md,MIT
https://raw.githubusercontent.com/tldr-pages/tldr/main/pages/common/base32.md,MIT
https://raw.githubusercontent.com/tldr-pages/tldr/main/pages/common/aws-accessanalyzer.md,MIT
https://raw.githubusercontent.com/tldr-pages/tldr/main/pages/common/ant.md,MIT
https://raw.githubusercontent.com/tldr-pages/tldr/main/pages/common/anki.md,MIT
https://raw.githubusercontent.com/tldr-pages/tldr/main/pages/common/carbonyl.md,MIT
https://raw.githubusercontent.com/tldr-pages/tldr/main/pages/common/arthas.md,MIT
https://raw.githubusercontent.com/tldr-pages/tldr/main/pages/common/az-storage-queue.md,MIT
https://raw.githubusercontent.com/tldr-pages/tldr/main/pages/common/7za.md,MIT
https://raw.githubusercontent.com/tldr-pages/tldr/main/pages/common/aws-acm.md,MIT
https://raw.githubusercontent.com/tldr-pages/tldr/main/pages/common/astyle.md,MIT
https://raw.githubusercontent.com/tldr-pages/tldr/main/pages/common/adb.md,MIT
https://raw.githubusercontent.com/tldr-pages/tldr/main/pages/common/autoconf.md,MIT
https://raw.githubusercontent.com/tldr-pages/tldr/main/pages/common/buzzphrase.md,MIT
https://raw.githubusercontent.com/tldr-pages/tldr/main/pages/common/bloodhound-python.md,MIT
https://raw.githubusercontent.com/tldr-pages/tldr/main/pages/common/bdfr.md,MIT
https://raw.githubusercontent.com/tldr-pages/tldr/main/pages/common/cargo-rustc.md,MIT
https://raw.githubusercontent.com/tldr-pages/tldr/main/pages/common/aws-pricing.md,MIT
https://raw.githubusercontent.com/tldr-pages/tldr/main/pages/common/arduino-builder.md,MIT
https://raw.githubusercontent.com/tldr-pages/tldr/main/pages/common/acme.sh-dns.md,MIT
https://raw.githubusercontent.com/tldr-pages/tldr/main/pages/common/az-term.md,MIT
https://raw.githubusercontent.com/tldr-pages/tldr/main/pages/common/brew.md,MIT
https://raw.githubusercontent.com/tldr-pages/tldr/main/pages/common/apg.md,MIT
https://raw.githubusercontent.com/tldr-pages/tldr/main/pages/common/adb-install.md,MIT
https://raw.githubusercontent.com/tldr-pages/tldr/main/pages/common/cargo-owner.md,MIT
https://raw.githubusercontent.com/tldr-pages/tldr/main/pages/common/bacon.md,MIT
https://raw.githubusercontent.com/tldr-pages/tldr/main/pages/common/brushtopbm.md,MIT
https://raw.githubusercontent.com/tldr-pages/tldr/main/pages/common/cargo-fmt.md,MIT
https://raw.githubusercontent.com/tldr-pages/tldr/main/pages/common/az-appconfig.md,MIT
https://raw.githubusercontent.com/tldr-pages/tldr/main/pages/common/adb-forward.md,MIT
https://raw.githubusercontent.com/tldr-pages/tldr/main/pages/common/aws-iam.md,MIT
https://raw.githubusercontent.com/tldr-pages/tldr/main/pages/common/aws-ses.md,MIT
https://raw.githubusercontent.com/tldr-pages/tldr/main/pages/common/az-feedback.md,MIT
https://raw.githubusercontent.com/tldr-pages/tldr/main/pages/common/ar.md,MIT
https://raw.githubusercontent.com/tldr-pages/tldr/main/pages/android/wm.md,MIT
https://raw.githubusercontent.com/tldr-pages/tldr/main/pages/common/aws-backup.md,MIT
https://raw.githubusercontent.com/tldr-pages/tldr/main/pages/common/cargo-package.md,MIT
https://raw.githubusercontent.com/tldr-pages/tldr/main/pages/common/blockout2.md,MIT
https://raw.githubusercontent.com/tldr-pages/tldr/main/pages/common/aws.md,MIT
https://raw.githubusercontent.com/tldr-pages/tldr/main/pages/common/aws-sns.md,MIT
https://raw.githubusercontent.com/tldr-pages/tldr/main/pages/common/animdl.md,MIT
https://raw.githubusercontent.com/tldr-pages/tldr/main/pages/common/[.md,MIT
https://raw.githubusercontent.com/tldr-pages/tldr/main/pages/common/bioradtopgm.md,MIT
https://raw.githubusercontent.com/tldr-pages/tldr/main/pages/common/browsh.md,MIT
https://raw.githubusercontent.com/tldr-pages/tldr/main/pages/common/builtin.md,MIT
https://raw.githubusercontent.com/tldr-pages/tldr/main/pages/common/calligrawords.md,MIT
https://raw.githubusercontent.com/tldr-pages/tldr/main/pages/common/atrm.md,MIT
https://raw.githubusercontent.com/tldr-pages/tldr/main/pages/common/az-storage-table.md,MIT
https://raw.githubusercontent.com/tldr-pages/tldr/main/pages/common/assimp.md,MIT
https://raw.githubusercontent.com/tldr-pages/tldr/main/pages/common/az-pipelines.md,MIT
https://raw.githubusercontent.com/tldr-pages/tldr/main/pages/common/az-vm.md,MIT
https://raw.githubusercontent.com/tldr-pages/tldr/main/pages/common/az-redis.md,MIT
https://raw.githubusercontent.com/tldr-pages/tldr/main/pages/common/aws-ce.md,MIT
https://raw.githubusercontent.com/tldr-pages/tldr/main/pages/common/brew-outdated.md,MIT
https://raw.githubusercontent.com/tldr-pages/tldr/main/pages/common/boxes.md,MIT
https://raw.githubusercontent.com/tldr-pages/tldr/main/pages/common/babeld.md,MIT
https://raw.githubusercontent.com/tldr-pages/tldr/main/pages/common/aws-configure.md,MIT
https://raw.githubusercontent.com/tldr-pages/tldr/main/pages/common/cadaver.md,MIT
https://raw.githubusercontent.com/tldr-pages/tldr/main/pages/common/buku.md,MIT
https://raw.githubusercontent.com/tldr-pages/tldr/main/pages/common/break.md,MIT
https://raw.githubusercontent.com/tldr-pages/tldr/main/pages/common/cargo-tree.md,MIT
https://raw.githubusercontent.com/tldr-pages/tldr/main/pages/common/az-devops.md,MIT
https://raw.githubusercontent.com/tldr-pages/tldr/main/pages/common/apktool.md,MIT
https://raw.githubusercontent.com/tldr-pages/tldr/main/pages/common/az-logicapp.md,MIT
https://raw.githubusercontent.com/tldr-pages/tldr/main/pages/common/aws-s3-sync.md,MIT
https://raw.githubusercontent.com/tldr-pages/tldr/main/pages/common/airpaste.md,MIT
https://raw.githubusercontent.com/tldr-pages/tldr/main/pages/common/argocd-app.md,MIT
https://raw.githubusercontent.com/tldr-pages/tldr/main/pages/common/az-webapp.md,MIT
https://raw.githubusercontent.com/tldr-pages/tldr/main/pages/common/az-serial-console.md,MIT
https://raw.githubusercontent.com/tldr-pages/tldr/main/pages/common/aws-history.md,MIT
https://raw.githubusercontent.com/tldr-pages/tldr/main/pages/common/atktopbm.md,MIT
https://raw.githubusercontent.com/tldr-pages/tldr/main/pages/common/calligrastage.md,MIT
https://raw.githubusercontent.com/tldr-pages/tldr/main/pages/common/autoflake.md,MIT
https://raw.githubusercontent.com/tldr-pages/tldr/main/pages/common/apropos.md,MIT
https://raw.githubusercontent.com/tldr-pages/tldr/main/pages/common/aws-kinesis.md,MIT
https://raw.githubusercontent.com/tldr-pages/tldr/main/pages/common/az-advisor.md,MIT
https://raw.githubusercontent.com/tldr-pages/tldr/main/pages/common/[[.md,MIT
https://raw.githubusercontent.com/tldr-pages/tldr/main/pages/common/btop.md,MIT
https://raw.githubusercontent.com/tldr-pages/tldr/main/pages/common/ani-cli.md,MIT
https://raw.githubusercontent.com/tldr-pages/tldr/main/pages/common/bitcoind.md,MIT
https://raw.githubusercontent.com/tldr-pages/tldr/main/pages/common/banner.md,MIT
https://raw.githubusercontent.com/tldr-pages/tldr/main/pages/common/b2-tools.md,MIT
https://raw.githubusercontent.com/tldr-pages/tldr/main/pages/common/cargo-login.md,MIT
https://raw.githubusercontent.com/tldr-pages/tldr/main/pages/common/aws-ecr.md,MIT
https://raw.githubusercontent.com/tldr-pages/tldr/main/pages/common/bind.md,MIT
https://raw.githubusercontent.com/tldr-pages/tldr/main/pages/common/atoum.md,MIT
https://raw.githubusercontent.com/tldr-pages/tldr/main/pages/common/bzgrep.md,MIT
https://raw.githubusercontent.com/tldr-pages/tldr/main/pages/common/asdf.md,MIT
https://raw.githubusercontent.com/tldr-pages/tldr/main/pages/common/brittany.md,MIT
https://raw.githubusercontent.com/tldr-pages/tldr/main/pages/common/box.md,MIT
https://raw.githubusercontent.com/tldr-pages/tldr/main/pages/common/archwiki-rs.md,MIT
https://raw.githubusercontent.com/tldr-pages/tldr/main/pages/common/alias.md,MIT
https://raw.githubusercontent.com/tldr-pages/tldr/main/pages/common/bmaptool.md,MIT
https://raw.githubusercontent.com/tldr-pages/tldr/main/pages/common/cargo-pkgid.md,MIT
https://raw.githubusercontent.com/tldr-pages/tldr/main/pages/common/7zr.md,MIT
https://raw.githubusercontent.com/tldr-pages/tldr/main/pages/common/bzegrep.md,MIT
https://raw.githubusercontent.com/tldr-pages/tldr/main/pages/common/amass.md,MIT
https://raw.githubusercontent.com/tldr-pages/tldr/main/pages/android/input.md,MIT
https://raw.githubusercontent.com/tldr-pages/tldr/main/pages/common/az-logout.md,MIT
https://raw.githubusercontent.com/tldr-pages/tldr/main/pages/common/awslogs.md,MIT
https://raw.githubusercontent.com/tldr-pages/tldr/main/pages/common/bazel.md,MIT
https://raw.githubusercontent.com/tldr-pages/tldr/main/pages/android/bugreportz.md,MIT
https://raw.githubusercontent.com/tldr-pages/tldr/main/pages/common/az-quantum.md,MIT
https://raw.githubusercontent.com/tldr-pages/tldr/main/pages/common/astronomer.md,MIT
https://raw.githubusercontent.com/tldr-pages/tldr/main/pages/common/bundler.md,MIT
https://raw.githubusercontent.com/tldr-pages/tldr/main/pages/common/cargo-fix.md,MIT
https://raw.githubusercontent.com/tldr-pages/tldr/main/pages/common/aws-sts.md,MIT
https://raw.githubusercontent.com/tldr-pages/tldr/main/pages/common/auditd.md,MIT
https://raw.githubusercontent.com/tldr-pages/tldr/main/pages/common/az-version.md,MIT
https://raw.githubusercontent.com/tldr-pages/tldr/main/pages/common/az-provider.md,MIT
https://raw.githubusercontent.com/tldr-pages/tldr/main/pages/common/az-group.md,MIT
https://raw.githubusercontent.com/tldr-pages/tldr/main/pages/common/cargo-test.md,MIT
https://raw.githubusercontent.com/tldr-pages/tldr/main/pages/common/amass-intel.md,MIT
https://raw.githubusercontent.com/tldr-pages/tldr/main/pages/common/aws-s3-cp.md,MIT
https://raw.githubusercontent.com/tldr-pages/tldr/main/pages/common/aircrack-ng.md,MIT
https://raw.githubusercontent.com/tldr-pages/tldr/main/pages/android/dalvikvm.md,MIT
https://raw.githubusercontent.com/tldr-pages/tldr/main/pages/common/bitcoin-cli.md,MIT
https://raw.githubusercontent.com/tldr-pages/tldr/main/pages/common/..md,MIT
https://raw.githubusercontent.com/tldr-pages/tldr/main/pages/common/bfs.md,MIT
https://raw.githubusercontent.com/tldr-pages/tldr/main/pages/common/blackfire.md,MIT
https://raw.githubusercontent.com/tldr-pages/tldr/main/pages/common/az-acr.md,MIT
https://raw.githubusercontent.com/tldr-pages/tldr/main/pages/common/cargo-publish.md,MIT
https://raw.githubusercontent.com/tldr-pages/tldr/main/pages/common/argon2.md,MIT
https://raw.githubusercontent.com/tldr-pages/tldr/main/pages/common/brew-search.md,MIT
https://raw.githubusercontent.com/tldr-pages/tldr/main/pages/android/am.md,MIT
https://raw.githubusercontent.com/tldr-pages/tldr/main/pages/common/cargo-clean.md,MIT
https://raw.githubusercontent.com/tldr-pages/tldr/main/pages/common/antibody.md,MIT
https://raw.githubusercontent.com/tldr-pages/tldr/main/pages/common/ansible-doc.md,MIT
https://raw.githubusercontent.com/tldr-pages/tldr/main/pages/common/apkleaks.md,MIT
https://raw.githubusercontent.com/tldr-pages/tldr/main/pages/common/boot.md,MIT
https://raw.githubusercontent.com/tldr-pages/tldr/main/pages/common/apkeep.md,MIT
https://raw.githubusercontent.com/tldr-pages/tldr/main/pages/common/azurite.md,MIT
https://raw.githubusercontent.com/tldr-pages/tldr/main/pages/common/blahaj.md,MIT
https://raw.githubusercontent.com/tldr-pages/tldr/main/pages/common/az-upgrade.md,MIT
https://raw.githubusercontent.com/tldr-pages/tldr/main/pages/common/aws-s3-rm.md,MIT
https://raw.githubusercontent.com/tldr-pages/tldr/main/pages/common/az-storage-account.md,MIT
https://raw.githubusercontent.com/tldr-pages/tldr/main/pages/common/aws-cognito-idp.md,MIT
https://raw.githubusercontent.com/tldr-pages/tldr/main/pages/android/getprop.md,MIT
https://raw.githubusercontent.com/tldr-pages/tldr/main/pages/android/bugreport.md,MIT
https://raw.githubusercontent.com/tldr-pages/tldr/main/pages/common/bzip2.md,MIT
https://raw.githubusercontent.com/tldr-pages/tldr/main/pages/common/atom.md,MIT
https://raw.githubusercontent.com/tldr-pages/tldr/main/pages/common/bedtools.md,MIT
https://raw.githubusercontent.com/tldr-pages/tldr/main/pages/common/brew-bundle.md,MIT
https://raw.githubusercontent.com/tldr-pages/tldr/main/pages/common/asciidoctor.md,MIT
https://raw.githubusercontent.com/tldr-pages/tldr/main/pages/common/az-aks.md,MIT
https://raw.githubusercontent.com/tldr-pages/tldr/main/pages/common/aws-google-auth.md,MIT
https://raw.githubusercontent.com/tldr-pages/tldr/main/pages/common/acme.sh.md,MIT
https://raw.githubusercontent.com/tldr-pages/tldr/main/pages/common/aws-batch.md,MIT
https://raw.githubusercontent.com/tldr-pages/tldr/main/pages/common/cargo-metadata.md,MIT
https://raw.githubusercontent.com/tldr-pages/tldr/main/pages/common/cargo-help.md,MIT
https://raw.githubusercontent.com/tldr-pages/tldr/main/pages/common/argocd.md,MIT
https://raw.githubusercontent.com/tldr-pages/tldr/main/pages/common/].md,MIT
https://raw.githubusercontent.com/tldr-pages/tldr/main/pages/common/blender.md,MIT
https://raw.githubusercontent.com/tldr-pages/tldr/main/pages/common/az-lock.md,MIT
https://raw.githubusercontent.com/tldr-pages/tldr/main/pages/common/airodump-ng.md,MIT
https://raw.githubusercontent.com/tldr-pages/tldr/main/pages/common/afconvert.md,MIT
https://raw.githubusercontent.com/tldr-pages/tldr/main/pages/common/aws-eks.md,MIT
https://raw.githubusercontent.com/tldr-pages/tldr/main/pages/common/az-login.md,MIT
https://raw.githubusercontent.com/tldr-pages/tldr/main/pages/common/anytopnm.md,MIT
https://raw.githubusercontent.com/tldr-pages/tldr/main/pages/common/btm.md,MIT
https://raw.githubusercontent.com/tldr-pages/tldr/main/pages/common/aws-acm-pca.md,MIT
https://raw.githubusercontent.com/tldr-pages/tldr/main/pages/common/apm.md,MIT
https://raw.githubusercontent.com/tldr-pages/tldr/main/pages/common/calc.md,MIT
https://raw.githubusercontent.com/tldr-pages/tldr/main/pages/common/ansiweather.md,MIT
https://raw.githubusercontent.com/tldr-pages/tldr/main/pages/common/aws-secretsmanager.md,MIT
https://raw.githubusercontent.com/tldr-pages/tldr/main/pages/common/bat.md,MIT
https://raw.githubusercontent.com/tldr-pages/tldr/main/pages/common/calibredb.md,MIT
https://raw.githubusercontent.com/tldr-pages/tldr/main/pages/common/aws-ec2.md,MIT
https://raw.githubusercontent.com/tldr-pages/tldr/main/pages/android/screencap.md,MIT
https://raw.githubusercontent.com/tldr-pages/tldr/main/pages/common/aws-s3-website.md,MIT
https://raw.githubusercontent.com/tldr-pages/tldr/main/pages/common/cargo-bench.md,MIT
https://raw.githubusercontent.com/tldr-pages/tldr/main/pages/common/%.md,MIT
https://raw.githubusercontent.com/tldr-pages/tldr/main/pages/common/cargo-init.md,MIT
https://raw.githubusercontent.com/tldr-pages/tldr/main/pages/common/bison.md,MIT
https://raw.githubusercontent.com/tldr-pages/tldr/main/pages/common/adb-devices.md,MIT
https://raw.githubusercontent.com/tldr-pages/tldr/main/pages/common/bmptoppm.md,MIT
https://raw.githubusercontent.com/tldr-pages/tldr/main/pages/common/cargo-check.md,MIT
https://raw.githubusercontent.com/tldr-pages/tldr/main/pages/common/ansible-lint.md,MIT
https://raw.githubusercontent.com/tldr-pages/tldr/main/pages/common/betty.md,MIT
https://raw.githubusercontent.com/tldr-pages/tldr/main/pages/common/asciitopgm.md,MIT
https://raw.githubusercontent.com/tldr-pages/tldr/main/pages/common/aws-help.md,MIT
https://raw.githubusercontent.com/tldr-pages/tldr/main/pages/common/bpkg.md,MIT
https://raw.githubusercontent.com/tldr-pages/tldr/main/pages/common/at.md,MIT
https://raw.githubusercontent.com/tldr-pages/tldr/main/pages/common/amass-enum.md,MIT
https://raw.githubusercontent.com/tldr-pages/tldr/main/pages/common/cargo-rustdoc.md,MIT
https://raw.githubusercontent.com/tldr-pages/tldr/main/pages/common/asciinema.md,MIT
https://raw.githubusercontent.com/tldr-pages/tldr/main/pages/common/az-account.md,MIT
https://raw.githubusercontent.com/tldr-pages/tldr/main/pages/common/arp-scan.md,MIT
https://raw.githubusercontent.com/tldr-pages/tldr/main/pages/common/aws-route53.md,MIT
https://raw.githubusercontent.com/tldr-pages/tldr/main/pages/common/bundle.md,MIT
https://raw.githubusercontent.com/tldr-pages/tldr/main/pages/common/b2sum.md,MIT
https://raw.githubusercontent.com/tldr-pages/tldr/main/pages/common/aws-sso.md,MIT
https://raw.githubusercontent.com/tldr-pages/tldr/main/pages/common/aws-s3.md,MIT
https://raw.githubusercontent.com/tldr-pages/tldr/main/pages/common/arping.md,MIT
https://raw.githubusercontent.com/tldr-pages/tldr/main/pages/common/bg.md,MIT
https://raw.githubusercontent.com/tldr-pages/tldr/main/pages/common/acyclic.md,MIT
https://raw.githubusercontent.com/tldr-pages/tldr/main/pages/common/act.md,MIT
https://raw.githubusercontent.com/tldr-pages/tldr/main/pages/common/aws-kendra.md,MIT
https://raw.githubusercontent.com/tldr-pages/tldr/main/pages/common/cargo-doc.md,MIT
https://raw.githubusercontent.com/tldr-pages/tldr/main/pages/common/bq.md,MIT
https://raw.githubusercontent.com/tldr-pages/tldr/main/pages/common/alr.md,MIT
https://raw.githubusercontent.com/tldr-pages/tldr/main/pages/common/browser-sync.md,MIT
https://raw.githubusercontent.com/tldr-pages/tldr/main/pages/common/az-apim.md,MIT
https://raw.githubusercontent.com/tldr-pages/tldr/main/pages/common/cargo-logout.md,MIT
https://raw.githubusercontent.com/tldr-pages/tldr/main/pages/common/cargo-generate-lockfile.md,MIT
https://raw.githubusercontent.com/tldr-pages/tldr/main/pages/common/aws-s3-presign.md,MIT
https://raw.githubusercontent.com/tldr-pages/tldr/main/pages/common/az-image.md,MIT
https://raw.githubusercontent.com/tldr-pages/tldr/main/pages/common/cargo-install.md,MIT
https://raw.githubusercontent.com/tldr-pages/tldr/main/pages/android/dumpsys.md,MIT
https://raw.githubusercontent.com/tldr-pages/tldr/main/pages/common/ansible-pull.md,MIT
https://raw.githubusercontent.com/tldr-pages/tldr/main/pages/common/azure-cli.md,MIT
https://raw.githubusercontent.com/tldr-pages/tldr/main/pages/common/autopep8.md,MIT
https://raw.githubusercontent.com/tldr-pages/tldr/main/pages/common/c99.md,MIT
https://raw.githubusercontent.com/tldr-pages/tldr/main/pages/common/cabal.md,MIT
https://raw.githubusercontent.com/tldr-pages/tldr/main/pages/common/adb-reverse.md,MIT
https://raw.githubusercontent.com/tldr-pages/tldr/main/pages/common/ab.md,MIT
https://raw.githubusercontent.com/tldr-pages/tldr/main/pages/common/bcomps.md,MIT
https://raw.githubusercontent.com/tldr-pages/tldr/main/pages/common/beanstalkd.md,MIT
https://raw.githubusercontent.com/tldr-pages/tldr/main/pages/common/cargo-add.md,MIT
https://raw.githubusercontent.com/tldr-pages/tldr/main/pages/common/asnmap.md,MIT
https://raw.githubusercontent.com/tldr-pages/tldr/main/pages/common/adb-uninstall.md,MIT
https://raw.githubusercontent.com/tldr-pages/tldr/main/pages/common/aws-codeartifact.md,MIT
https://raw.githubusercontent.com/tldr-pages/tldr/main/pages/common/bfg.md,MIT
https://raw.githubusercontent.com/tldr-pages/tldr/main/pages/common/batch.md,MIT
https://raw.githubusercontent.com/tldr-pages/tldr/main/pages/common/az.md,MIT
https://raw.githubusercontent.com/tldr-pages/tldr/main/pages/common/age.md,MIT
https://raw.githubusercontent.com/tldr-pages/tldr/main/pages/common/brew-uninstall.md,MIT
https://raw.githubusercontent.com/tldr-pages/tldr/main/pages/common/bzfgrep.md,MIT
https://raw.githubusercontent.com/tldr-pages/tldr/main/pages/common/bower.md,MIT
https://raw.githubusercontent.com/tldr-pages/tldr/main/pages/common/bc.md,MIT
https://raw.githubusercontent.com/tldr-pages/tldr/main/pages/common/cargo-new.md,MIT
https://raw.githubusercontent.com/tldr-pages/tldr/main/pages/common/az-repos.md,MIT
https://raw.githubusercontent.com/tldr-pages/tldr/main/pages/common/airshare.md,MIT
https://raw.githubusercontent.com/tldr-pages/tldr/main/pages/common/caller.md,MIT
https://raw.githubusercontent.com/tldr-pages/tldr/main/pages/common/asar.md,MIT
https://raw.githubusercontent.com/tldr-pages/tldr/main/pages/common/ascii-image-converter.md,MIT
https://raw.githubusercontent.com/tldr-pages/tldr/main/pages/common/ansible-galaxy.md,MIT
https://raw.githubusercontent.com/tldr-pages/tldr/main/pages/common/bup.md,MIT
https://raw.githubusercontent.com/tldr-pages/tldr/main/pages/common/bash.md,MIT
https://raw.githubusercontent.com/tldr-pages/tldr/main/pages/common/aws-cur.md,MIT
https://raw.githubusercontent.com/tldr-pages/tldr/main/pages/common/bzip3.md,MIT
https://raw.githubusercontent.com/tldr-pages/tldr/main/pages/common/ansible-playbook.md,MIT
https://raw.githubusercontent.com/tldr-pages/tldr/main/pages/common/arp.md,MIT
https://raw.githubusercontent.com/tldr-pages/tldr/main/pages/common/ac.md,MIT
https://raw.githubusercontent.com/tldr-pages/tldr/main/pages/common/az-tag.md,MIT
https://raw.githubusercontent.com/tldr-pages/tldr/main/pages/common/base64.md,MIT
https://raw.githubusercontent.com/tldr-pages/tldr/main/pages/common/adb-logcat.md,MIT
https://raw.githubusercontent.com/tldr-pages/tldr/main/pages/common/bpython.md,MIT
https://raw.githubusercontent.com/tldr-pages/tldr/main/pages/common/bb.md,MIT
https://raw.githubusercontent.com/tldr-pages/tldr/main/pages/common/bw.md,MIT
https://raw.githubusercontent.com/tldr-pages/tldr/main/pages/common/carbon-now.md,MIT
https://raw.githubusercontent.com/tldr-pages/tldr/main/pages/common/bundletool-validate.md,MIT
https://raw.githubusercontent.com/tldr-pages/tldr/main/pages/common/az-sshkey.md,MIT
https://raw.githubusercontent.com/tldr-pages/tldr/main/pages/common/black.md,MIT
https://raw.githubusercontent.com/tldr-pages/tldr/main/pages/common/basename.md,MIT
https://raw.githubusercontent.com/tldr-pages/tldr/main/pages/common/busybox.md,MIT
https://raw.githubusercontent.com/tldr-pages/tldr/main/pages/common/basenc.md,MIT
https://raw.githubusercontent.com/tldr-pages/tldr/main/pages/common/bgpgrep.md,MIT
https://raw.githubusercontent.com/tldr-pages/tldr/main/pages/common/brew-install.md,MIT
https://raw.githubusercontent.com/tldr-pages/tldr/main/pages/common/aws-s3-ls.md,MIT
https://raw.githubusercontent.com/tldr-pages/tldr/main/pages/common/aws-lightsail.md,MIT
https://raw.githubusercontent.com/tldr-pages/tldr/main/pages/common/abduco.md,MIT
https://raw.githubusercontent.com/tldr-pages/tldr/main/pages/common/a2ping.md,MIT
https://raw.githubusercontent.com/tldr-pages/tldr/main/pages/common/aws-cloud9.md,MIT
https://raw.githubusercontent.com/tldr-pages/tldr/main/pages/common/bru.md,MIT
https://raw.githubusercontent.com/tldr-pages/tldr/main/pages/common/7z.md,MIT
https://raw.githubusercontent.com/tldr-pages/tldr/main/pages/common/az-storage.md,MIT
https://raw.githubusercontent.com/tldr-pages/tldr/main/pages/common/aws-quicksight.md,MIT
https://raw.githubusercontent.com/tldr-pages/tldr/main/pages/common/cargo-vendor.md,MIT
https://raw.githubusercontent.com/tldr-pages/tldr/main/pages/common/ag.md,MIT
https://raw.githubusercontent.com/tldr-pages/tldr/main/pages/common/brew-upgrade.md,MIT
https://raw.githubusercontent.com/tldr-pages/tldr/main/pages/common/bastet.md,MIT
https://raw.githubusercontent.com/tldr-pages/tldr/main/pages/common/adb-connect.md,MIT
https://raw.githubusercontent.com/tldr-pages/tldr/main/pages/common/calendar.md,MIT
https://raw.githubusercontent.com/tldr-pages/tldr/main/pages/common/aspell.md,MIT
https://raw.githubusercontent.com/tldr-pages/tldr/main/pages/common/byobu.md,MIT
https://raw.githubusercontent.com/tldr-pages/tldr/main/pages/common/adscript.md,MIT
https://raw.githubusercontent.com/tldr-pages/tldr/main/pages/common/aws-kafka.md,MIT
https://raw.githubusercontent.com/tldr-pages/tldr/main/pages/common/caddy.md,MIT
https://raw.githubusercontent.com/tldr-pages/tldr/main/pages/common/arthas-trace.md,MIT
https://raw.githubusercontent.com/tldr-pages/tldr/main/pages/common/bssh.md,MIT
https://raw.githubusercontent.com/tldr-pages/tldr/main/pages/common/!.md,MIT
https://raw.githubusercontent.com/tldr-pages/tldr/main/pages/common/ansible-inventory.md,MIT
https://raw.githubusercontent.com/tldr-pages/tldr/main/pages/common/aws-amplify.md,MIT
https://raw.githubusercontent.com/tldr-pages/tldr/main/pages/common/bindkey.md,MIT
https://raw.githubusercontent.com/tldr-pages/tldr/main/pages/common/]].md,MIT
https://raw.githubusercontent.com/tldr-pages/tldr/main/pages/common/aria2.md,MIT
https://raw.githubusercontent.com/tldr-pages/tldr/main/pages/common/bundletool-dump.md,MIT
https://raw.githubusercontent.com/tldr-pages/tldr/main/pages/common/brave.md,MIT
https://raw.githubusercontent.com/tldr-pages/tldr/main/pages/common/agate.md,MIT
https://raw.githubusercontent.com/tldr-pages/tldr/main/pages/common/alex.md,MIT
https://raw.githubusercontent.com/tldr-pages/tldr/main/pages/common/aria2c.md,MIT
https://raw.githubusercontent.com/tldr-pages/tldr/main/pages/common/aws-cloudwatch.md,MIT
https://raw.githubusercontent.com/tldr-pages/tldr/main/pages/common/cargo-search.md,MIT
https://raw.githubusercontent.com/tldr-pages/tldr/main/pages/common/cargo-run.md,MIT
https://raw.githubusercontent.com/tldr-pages/tldr/main/pages/common/bosh.md,MIT
https://raw.githubusercontent.com/tldr-pages/tldr/main/pages/common/ansible-vault.md,MIT
https://raw.githubusercontent.com/tldr-pages/tldr/main/pages/common/ajson.md,MIT
https://raw.githubusercontent.com/tldr-pages/tldr/main/pages/common/arduino.md,MIT
https://raw.githubusercontent.com/tldr-pages/tldr/main/pages/common/arthas-watch.md,MIT
https://raw.githubusercontent.com/tldr-pages/tldr/main/pages/common/bun.md,MIT
https://raw.githubusercontent.com/tldr-pages/tldr/main/pages/common/aider.md,MIT
https://raw.githubusercontent.com/tldr-pages/tldr/main/pages/common/az-config.md,MIT
https://raw.githubusercontent.com/tldr-pages/tldr/main/pages/common/adb-shell.md,MIT
https://raw.githubusercontent.com/tldr-pages/tldr/main/pages/common/bmptopnm.md,MIT
https://raw.githubusercontent.com/tldr-pages/tldr/main/pages/common/brew-services.md,MIT
https://raw.githubusercontent.com/tldr-pages/tldr/main/pages/common/brew-autoremove.md,MIT
https://raw.githubusercontent.com/tldr-pages/tldr/main/pages/common/avrdude.md,MIT
https://raw.githubusercontent.com/tldr-pages/tldr/main/pages/common/calligrasheets.md,MIT
https://raw.githubusercontent.com/tldr-pages/tldr/main/pages/common/behat.md,MIT
https://raw.githubusercontent.com/tldr-pages/tldr/main/pages/common/aws-vault.md,MIT
https://raw.githubusercontent.com/tldr-pages/tldr/main/pages/common/audtool.md,MIT
https://raw.githubusercontent.com/tldr-pages/tldr/main/pages/common/calligraflow.md,MIT
https://raw.githubusercontent.com/tldr-pages/tldr/main/pages/common/androguard.md,MIT
https://raw.githubusercontent.com/tldr-pages/tldr/main/pages/common/az-bicep.md,MIT
https://raw.githubusercontent.com/tldr-pages/tldr/main/pages/common/aapt.md,MIT
https://raw.githubusercontent.com/tldr-pages/tldr/main/pages/common/autossh.md,MIT
https://raw.githubusercontent.com/tldr-pages/tldr/main/pages/common/b3sum.md,MIT
https://raw.githubusercontent.com/tldr-pages/tldr/main/pages/common/atool.md,MIT
https://raw.githubusercontent.com/tldr-pages/tldr/main/pages/common/bandwhich.md,MIT
https://raw.githubusercontent.com/tldr-pages/tldr/main/pages/common/bpytop.md,MIT
https://raw.githubusercontent.com/tldr-pages/tldr/main/pages/common/ack.md,MIT
https://raw.githubusercontent.com/tldr-pages/tldr/main/pages/common/birdc.md,MIT
https://raw.githubusercontent.com/tldr-pages/tldr/main/pages/common/aws-workmail.md,MIT
https://raw.githubusercontent.com/tldr-pages/tldr/main/pages/common/aws-glue.md,MIT
https://raw.githubusercontent.com/tldr-pages/tldr/main/pages/common/aws-rds.md,MIT
https://raw.githubusercontent.com/tldr-pages/tldr/main/pages/common/adb-reboot.md,MIT
https://raw.githubusercontent.com/tldr-pages/tldr/main/pages/common/bashmarks.md,MIT
https://raw.githubusercontent.com/tldr-pages/tldr/main/pages/common/aws-s3-mv.md,MIT
https://raw.githubusercontent.com/tldr-pages/tldr/main/pages/android/settings.md,MIT
https://raw.githubusercontent.com/tldr-pages/tldr/main/pages/common/cake.md,MIT
https://raw.githubusercontent.com/tldr-pages/tldr/main/pages/common/atq.md,MIT
https://raw.githubusercontent.com/tldr-pages/tldr/main/pages/common/babel.md,MIT
https://raw.githubusercontent.com/tldr-pages/tldr/main/pages/common/bshell.md,MIT
https://raw.githubusercontent.com/tldr-pages/tldr/main/pages/common/bash-it.md,MIT
https://raw.githubusercontent.com/tldr-pages/tldr/main/pages/common/aws-codecommit.md,MIT
https://raw.githubusercontent.com/tldr-pages/tldr/main/pages/common/atuin.md,MIT
https://raw.githubusercontent.com/tldr-pages/tldr/main/pages/common/aws-dynamodb.md,MIT
https://raw.githubusercontent.com/tldr-pages/tldr/main/pages/common/brotli.md,MIT
https://raw.githubusercontent.com/tldr-pages/tldr/main/pages/common/borg.md,MIT
https://raw.githubusercontent.com/tldr-pages/tldr/main/pages/common/aws-s3-rb.md,MIT
https://raw.githubusercontent.com/tldr-pages/tldr/main/pages/common/awk.md,MIT
https://raw.githubusercontent.com/tldr-pages/tldr/main/pages/android/cmd.md,MIT
https://raw.githubusercontent.com/tldr-pages/tldr/main/pages/common/aws-s3api.md,MIT
https://raw.githubusercontent.com/tldr-pages/tldr/main/pages/common/airmon-ng.md,MIT
https://raw.githubusercontent.com/tldr-pages/tldr/main/pages/common/airdecap-ng.md,MIT
https://raw.githubusercontent.com/tldr-pages/tldr/main/pages/common/cargo-update.md,MIT
https://raw.githubusercontent.com/tldr-pages/tldr/main/pages/android/logcat.md,MIT
https://raw.githubusercontent.com/tldr-pages/tldr/main/pages/common/axel.md,MIT
https://raw.githubusercontent.com/tldr-pages/tldr/main/pages/common/az-disk.md,MIT
https://raw.githubusercontent.com/tldr-pages/tldr/main/pages/common/bvnc.md,MIT
https://raw.githubusercontent.com/tldr-pages/tldr/main/pages/common/balena.md,MIT
https://raw.githubusercontent.com/tldr-pages/tldr/main/pages/common/cargo-remove.md,MIT
https://raw.githubusercontent.com/tldr-pages/tldr/main/pages/common/audacious.md,MIT
https://raw.githubusercontent.com/tldr-pages/tldr/main/pages/common/aws-s3-mb.md,MIT
https://raw.githubusercontent.com/tldr-pages/tldr/main/pages/common/az-storage-entity.md,MIT
https://raw.githubusercontent.com/tldr-pages/tldr/main/pages/common/^.md,MIT
https://raw.githubusercontent.com/tldr-pages/tldr/main/pages/common/cancel.md,MIT
https://raw.githubusercontent.com/tldr-pages/tldr/main/pages/common/az-storage-container.md,MIT
https://raw.githubusercontent.com/tldr-pages/tldr/main/pages/common/cargo-build.md,MIT
https://raw.githubusercontent.com/tldr-pages/tldr/main/pages/common/cargo-fetch.md,MIT
https://raw.githubusercontent.com/tldr-pages/tldr/main/pages/common/bear.md,MIT
https://raw.githubusercontent.com/tldr-pages/tldr/main/pages/common/adb-disconnect.md,MIT
https://raw.githubusercontent.com/tldr-pages/tldr/main/pages/common/aws-cloudformation.md,MIT
https://raw.githubusercontent.com/tldr-pages/tldr/main/pages/common/alacritty.md,MIT
https://raw.githubusercontent.com/tldr-pages/tldr/main/pages/common/accelerate.md,MIT
https://raw.githubusercontent.com/tldr-pages/tldr/main/pages/common/az-network.md,MIT
https://raw.githubusercontent.com/tldr-pages/tldr/main/pages/common/bird.md,MIT
https://raw.githubusercontent.com/tldr-pages/tldr/main/pages/common/berks.md,MIT
https://raw.githubusercontent.com/tldr-pages/tldr/main/pages/common/ansible.md,MIT
https://raw.githubusercontent.com/tldr-pages/tldr/main/pages/common/bob.md,MIT
https://raw.githubusercontent.com/tldr-pages/tldr/main/pages/common/age-keygen.md,MIT
https://raw.githubusercontent.com/tldr-pages/tldr/main/pages/common/arc.md,MIT
https://raw.githubusercontent.com/tldr-pages/tldr/main/pages/common/aws-sqs.md,MIT
https://raw.githubusercontent.com/tldr-pages/tldr/main/pages/common/bats.md,MIT
https://raw.githubusercontent.com/tldr-pages/tldr/main/pages/common/biff.md,MIT
